Age_SS,Sex,ChestPain,SystolicBP_SS,Chol_SS,Glucose,RestECG,STMaxRate_SS,STPain,STWave,NumColor,STSlope_1,STSlope_2,Defects_1,Defects_2,Defects_3
-0.25014457563907183,1,4,-0.1694212680617329,-0.8082000871333523,1,1,0.2267207038743691,1,1,0,1,0,0,0,0
-0.1372061664885952,1,4,-0.45653574194786384,0.6927429318285877,0,1,-2.5763371106930055,1,2,2,1,0,0,0,1
1.8956851982199838,0,2,-1.2030333740518042,0.3656143251317546,1,0,-0.9680252498756593,0,0,1,0,1,0,1,0
-0.3630829847895484,1,2,-0.3416899523934115,-0.019242859217460773,1,0,0.6862383783936108,0,2,0,1,0,0,1,0
-0.02426775733811861,1,2,1.0938824170372432,-0.2694000290444508,0,0,0.6402866109416867,0,2,0,0,1,0,0,1
1.6698083799190306,1,3,1.668111364809505,-0.23091431060952924,1,0,-0.9220734824237352,0,0,1,1,0,0,1,0
-0.3630829847895484,0,2,0.5196534692649812,1.1930572714825678,0,0,-0.41660404045256927,0,1,1,0,1,0,1,0
-1.040713439692408,1,4,0.6344992588194336,1.2123001307000285,0,0,-0.18684520319294842,1,0,3,1,0,0,0,1
-1.2665902579933614,1,4,-0.9159189001656733,1.096842975395264,0,1,1.3755148901724734,0,1,0,1,0,0,1,0
0.5404242884142645,1,4,0.23253899537885037,-0.23091431060952924,0,1,0.45647954113399,0,0,0,1,0,0,0,1
0.31454747011331124,1,1,1.323573996146148,-0.2694000290444508,0,0,0.5943348434897625,0,0,1,0,1,0,1,0
1.3309931524676006,1,4,1.668111364809505,-0.34637146591429385,0,0,-0.600411110260266,0,2,0,0,1,1,0,0
0.31454747011331124,1,4,-1.2030333740518042,1.7126144703540087,0,1,-0.3706522730006451,1,3,1,1,0,0,0,1
-0.5889598030905017,1,2,-0.6288044262795424,-1.1160858346127247,0,1,-0.5544593428083419,0,2,3,1,0,0,0,1
0.5404242884142645,1,4,2.2423403125817667,1.5394287373968616,0,0,-0.5085075753564177,1,3,0,0,0,0,0,1
-1.4924670762943146,0,1,-0.2842670576161853,1.1545715530476464,0,1,0.5483830760378383,0,0,0,0,1,0,1,0
0.42748587926378784,0,4,2.2423403125817667,-0.40410004356667617,1,0,-0.2327969706448726,1,3,2,1,0,1,0,0
-1.4924670762943146,0,1,-1.490147847937935,-0.923657242438117,0,1,0.7781419132974592,0,0,1,0,1,0,1,0
0.6533626975647411,1,4,0.5196534692649812,0.9044143832206563,0,0,0.8700454482013075,0,1,2,1,0,0,0,1
-0.4760213939400251,1,2,-0.11199837328450674,-0.9621429608730385,0,1,0.5483830760378383,0,0,0,0,1,0,1,0
-0.3630829847895484,1,2,-1.777262321824066,-0.4618286212190585,0,1,-0.3706522730006451,1,1,0,1,0,0,1,0
0.5404242884142645,1,2,1.0938824170372432,-0.6542572133936662,1,1,0.2726724713262933,0,2,0,0,1,0,1,0
-1.1536518488428846,1,2,0.5196534692649812,-0.21167145139206847,0,0,1.3295631227205493,0,0,0,0,1,0,1,0
-0.7018982122409783,1,4,-0.51395863672509,-0.4618286212190585,0,0,1.6052737274320943,0,0,0,0,1,0,1,0
0.9921779250161709,0,1,0.5196534692649812,-0.9813858200904994,0,1,1.283611355268625,0,0,2,0,1,0,1,0
0.31454747011331124,0,4,0.5196534692649812,-0.09621429608730385,0,1,-1.2896876220391285,1,0,0,1,0,0,0,1
-0.25014457563907183,1,3,-0.7436502158339947,-1.1545715530476464,0,0,1.7890807972397909,0,0,0,1,0,1,0,0
-0.02426775733811861,0,1,0.06027031104717181,0.8082000871333523,1,0,0.36457600623014164,1,0,1,0,1,0,1,0
-0.9277750305419316,0,4,0.4048076797105289,-0.05772857765238231,0,0,0.042913634066672424,1,0,0,1,0,0,1,0
0.20160906096283462,1,4,-0.3416899523934115,0.05772857765238231,1,0,-0.32470050554872093,1,1,1,1,0,0,1,0
0.42748587926378784,0,1,0.28996189015607654,1.4047287228746363,1,0,0.042913634066672424,0,0,2,0,1,0,1,0
0.088670651812358,1,4,0.5196534692649812,-0.5580429173063624,0,1,-1.8411088314622186,1,5,0,0,0,0,0,1
0.7663011067152177,1,4,0.5196534692649812,-0.7504715094809701,0,0,-0.600411110260266,1,2,1,0,1,0,0,1
-0.5889598030905017,1,2,-0.7436502158339947,-1.866557344093695,0,0,-1.151832319683356,0,1,3,0,1,0,1,0
0.8792395158656943,1,4,-0.6288044262795424,0.40410004356667617,0,1,-2.3925300408853087,1,2,2,1,0,0,0,1
0.5404242884142645,1,1,0.5196534692649812,-0.48107148043651926,0,1,0.5943348434897625,1,0,0,0,1,0,1,0
-0.4760213939400251,0,2,-0.6288044262795424,-0.5195571988714408,0,1,0.31862423877821744,0,2,0,1,0,0,1,0
0.9921779250161709,0,4,-0.39911284717063766,-0.9429001016555778,0,1,-0.6923146451641143,1,0,0,1,0,0,1,0
0.9921779250161709,1,4,-0.054575478507280555,1.6164001742667047,1,0,-0.876121714971811,1,2,3,0,1,0,0,1
-1.1536518488428846,1,2,-0.054575478507280555,-0.25015716982699004,0,1,1.283611355268625,1,0,0,0,1,0,1,0
0.9921779250161709,0,4,-1.3178791636062566,0.4425857620015977,0,1,0.8240936807493834,1,2,2,1,0,0,1,0
-0.4760213939400251,1,4,0.749345048373886,-0.8851715240031954,0,0,-1.151832319683356,1,1,0,1,0,0,0,1
1.7827467890695072,1,1,1.4384197857006003,-0.019242859217460773,0,0,-0.3706522730006451,0,0,0,0,1,0,1,0
0.6533626975647411,1,4,-0.8010731106112209,-0.30788574747937236,1,1,0.4105277736820658,1,1,2,0,1,0,0,1
1.3309931524676006,0,3,1.0938824170372432,-0.3848571843492154,0,1,-1.7032535291064461,0,3,0,0,0,0,1,0
0.20160906096283462,1,4,0.06027031104717181,-1.1930572714825678,0,0,-2.116819436173764,1,2,1,1,0,1,0,0
1.1051163341666475,1,2,0.5196534692649812,1.7126144703540087,0,1,0.31862423877821744,0,0,0,0,1,0,1,0
0.42748587926378784,0,4,-0.054575478507280555,-0.9429001016555778,0,1,-0.9220734824237352,0,1,0,1,0,0,1,0
-0.02426775733811861,1,4,-1.2030333740518042,-0.7697143686984308,0,0,-1.978964133817991,1,0,1,1,0,0,1,0
0.6533626975647411,1,4,-0.054575478507280555,0.1347000145222254,0,1,-0.32470050554872093,1,1,1,0,1,0,0,1
1.556869970768554,0,2,-0.6288044262795424,-0.673500072611127,0,0,-1.657301761654522,0,1,0,1,0,0,1,0
-0.25014457563907183,1,1,-0.6288044262795424,1.5201858781794009,0,1,0.9619489831051559,0,0,0,0,1,0,1,0
-0.25014457563907183,1,4,-1.3178791636062566,-0.25015716982699004,1,1,-0.18684520319294842,0,0,3,0,1,0,0,1
0.31454747011331124,1,2,1.0938824170372432,-2.3091431060952927,1,1,1.00790075055708,0,0,1,0,1,0,0,1
-1.6054054854447912,1,4,1.2087282065916956,-0.4425857620015977,0,1,1.3755148901724734,0,0,0,0,1,0,0,1
-1.6054054854447912,1,4,-1.2030333740518042,-1.5201858781794009,0,0,-1.7032535291064461,1,2,0,1,0,0,0,1
0.20160906096283462,1,3,-0.6288044262795424,-1.019871538525421,0,0,0.5024313085859141,0,2,0,1,0,0,0,1
-1.4924670762943146,1,4,-1.2030333740518042,-1.423971582092097,0,0,0.31862423877821744,0,0,0,0,1,0,0,1
-0.8148366213914549,1,2,-0.054575478507280555,0.1347000145222254,0,1,1.283611355268625,0,0,0,0,1,0,1,0
-0.02426775733811861,1,4,-0.6288044262795424,-1.1160858346127247,0,1,-1.7492052965583702,0,1,1,1,0,0,0,1
-0.9277750305419316,1,1,-1.7198394270468398,-0.9429001016555778,1,1,0.2267207038743691,0,0,0,0,1,0,0,1
-0.4760213939400251,0,4,-1.2030333740518042,0.15394287373968618,0,0,0.36457600623014164,0,0,0,0,1,0,1,0
0.6533626975647411,0,2,-1.6624165322696136,1.3854858636571754,0,1,0.4105277736820658,0,0,1,0,1,0,1,0
-0.25014457563907183,1,3,1.2087282065916956,1.0006286793079602,1,1,1.237659587816701,0,1,0,1,0,0,0,1
1.4439315616180772,0,4,-1.432724953160709,-0.4425857620015977,0,1,-0.41660404045256927,0,0,2,0,1,0,1,0
0.7663011067152177,0,4,-0.054575478507280555,1.6164001742667047,0,0,0.8240936807493834,0,0,0,0,1,0,1,0
-0.02426775733811861,0,2,-1.3178791636062566,0.40410004356667617,0,0,0.732190145845535,0,0,0,0,1,0,1,0
0.088670651812358,0,1,0.23253899537885037,0.07697143686984309,0,0,0.45647954113399,0,1,0,1,0,0,1,0
0.42748587926378784,1,1,-0.6288044262795424,0.7312286502635092,0,0,0.4105277736820658,0,2,0,1,0,0,1,0
-1.4924670762943146,0,1,-0.054575478507280555,-0.8082000871333523,0,0,0.9619489831051559,0,1,0,0,1,0,1,0
-1.040713439692408,1,4,-1.5475707427151613,-0.7312286502635092,0,0,-0.14089343574102425,1,3,0,1,0,0,1,0
0.42748587926378784,1,2,-1.490147847937935,-0.11545715530476462,0,0,0.13481716897052076,1,1,0,1,0,0,0,1
1.1051163341666475,1,3,-1.2030333740518042,-0.673500072611127,0,0,-0.32470050554872093,1,2,0,1,0,0,1,0
1.4439315616180772,0,2,-0.9159189001656733,6.119229231152525,0,0,0.4105277736820658,0,2,0,1,0,0,0,1
0.31454747011331124,1,2,-0.1694212680617329,-0.3271286066968331,0,0,-0.048989900837175915,0,0,1,1,0,0,0,1
-1.379528667143838,0,2,-0.6288044262795424,-0.7119857910460485,0,1,1.00790075055708,0,0,0,1,0,0,1,0
-1.2665902579933614,1,4,0.06027031104717181,0.019242859217460773,1,0,-0.3706522730006451,1,0,0,1,0,0,0,1
0.5404242884142645,1,4,1.8978029439184096,-1.347000145222254,1,0,-2.806095947952626,0,1,2,1,0,1,0,0
0.42748587926378784,1,4,-1.777262321824066,-0.23091431060952924,0,1,0.2267207038743691,0,0,1,0,1,0,0,1
-1.379528667143838,1,4,0.5196534692649812,-0.3848571843492154,0,1,1.237659587816701,0,0,0,0,1,0,1,0
0.20160906096283462,1,2,-0.054575478507280555,0.1924285921746077,1,0,-0.41660404045256927,1,1,1,1,0,1,0,0
-1.379528667143838,1,3,0.9790366274827907,-0.038485718434921545,0,0,1.237659587816701,0,1,2,0,1,0,1,0
0.5404242884142645,1,4,0.5196534692649812,-1.3277572860047933,0,1,0.5024313085859141,1,0,1,0,1,0,0,1
0.9921779250161709,0,2,0.23253899537885037,0.11545715530476462,0,0,0.9619489831051559,0,0,0,0,1,0,1,0
0.8792395158656943,0,4,-0.39911284717063766,-0.7119857910460485,0,1,0.5483830760378383,0,0,0,0,1,0,1,0
-1.7183438945952678,1,4,-0.7436502158339947,-0.5195571988714408,0,1,-0.5085075753564177,0,1,0,1,0,0,0,1
-0.5889598030905017,1,1,-0.054575478507280555,0.3848571843492154,0,1,0.9159972156532317,0,1,0,0,1,0,1,0
0.20160906096283462,1,1,-0.054575478507280555,-0.48107148043651926,0,0,0.5483830760378383,0,0,0,0,1,0,0,1
-0.5889598030905017,0,1,0.17511610060162416,0.48107148043651926,0,1,0.5024313085859141,0,0,0,1,0,0,1,0
0.42748587926378784,1,2,0.06027031104717181,-0.42334290278413694,0,0,1.00790075055708,0,3,2,0,1,0,0,1
0.42748587926378784,0,3,1.0938824170372432,0.7119857910460485,1,0,0.5024313085859141,0,1,0,0,1,0,1,0
0.088670651812358,1,1,-0.054575478507280555,0.30788574747937236,0,1,0.18076893642244493,0,0,0,0,1,0,1,0
-1.1536518488428846,0,2,-0.7436502158339947,-0.07697143686984309,0,1,-0.09494166828910008,0,0,1,1,0,0,1,0
0.31454747011331124,1,1,-0.39911284717063766,0.2886428882619116,0,1,-0.46255580790449347,0,0,0,0,1,0,0,1
1.1051163341666475,1,4,0.8067679431511122,-0.6542572133936662,0,0,-0.876121714971811,0,2,2,1,0,1,0,0
-0.7018982122409783,1,2,-0.39911284717063766,0.17318573295714693,1,1,1.0998042854609285,0,0,2,0,1,0,1,0
-0.9277750305419316,0,2,0.6344992588194336,-1.3277572860047933,0,0,0.4105277736820658,1,1,0,0,0,0,1,0
-0.3630829847895484,0,2,-0.6288044262795424,0.9429001016555778,0,0,0.2726724713262933,0,1,0,0,1,0,1,0
0.5404242884142645,1,3,2.701723470799576,0.4618286212190585,0,0,-0.2787487380967968,0,4,0,0,0,0,0,1
1.4439315616180772,1,4,1.668111364809505,0.7697143686984308,0,0,-1.978964133817991,1,1,3,1,0,0,1,0
-0.1372061664885952,0,4,-0.054575478507280555,0.34637146591429385,0,0,-0.3706522730006451,0,0,0,1,0,0,1,0
1.8956851982199838,0,4,-1.0881875844973519,-1.866557344093695,0,1,-1.1977840871352803,0,2,0,1,0,0,1,0
-1.1536518488428846,1,4,-1.0881875844973519,0.8466858055682739,0,0,0.08886540151859659,0,0,1,0,1,0,1,0
-0.4760213939400251,0,1,-0.6288044262795424,-0.038485718434921545,0,1,0.5024313085859141,0,1,0,0,1,0,1,0
-0.9277750305419316,1,2,1.0938824170372432,-0.2886428882619116,0,1,-0.18684520319294842,0,4,0,1,0,0,1,0
-0.1372061664885952,1,2,-0.054575478507280555,0.0,1,0,1.00790075055708,0,0,3,0,1,0,1,0
-0.02426775733811861,0,2,-1.2030333740518042,-0.6157714949587447,0,1,0.31862423877821744,0,2,0,1,0,0,1,0
0.42748587926378784,1,4,0.8641908379283384,-0.5388000580889016,0,1,-2.116819436173764,0,2,1,1,0,0,0,1
-1.1536518488428846,1,1,-0.6288044262795424,0.3271286066968331,0,1,1.00790075055708,0,0,0,0,1,0,0,1
1.4439315616180772,1,4,-0.3416899523934115,0.15394287373968618,1,1,0.5483830760378383,0,0,2,1,0,0,0,1
-0.25014457563907183,0,2,0.28996189015607654,-0.9621429608730385,0,0,0.8240936807493834,0,0,0,1,0,0,1,0
-0.02426775733811861,1,4,-0.39911284717063766,0.3848571843492154,0,0,-1.933012366366067,1,2,1,1,0,0,0,1
0.088670651812358,0,4,2.8165692603540284,1.5586715966143225,0,0,-1.5653982267506736,1,3,0,1,0,0,1,0
-0.02426775733811861,0,2,0.23253899537885037,1.1160858346127247,1,1,0.8700454482013075,0,0,0,0,1,0,1,0
-0.25014457563907183,1,1,-0.1694212680617329,-0.7889572279158916,1,1,1.513370192528246,0,0,0,0,1,0,1,0
-0.3630829847895484,0,4,-0.054575478507280555,1.1353286938301854,0,1,-0.41660404045256927,1,1,0,1,0,0,0,1
0.42748587926378784,1,1,-0.3416899523934115,-0.5003143396539801,0,1,-0.32470050554872093,0,0,0,1,0,0,0,1
0.9921779250161709,1,3,0.8067679431511122,-0.25015716982699004,1,0,-0.048989900837175915,0,2,0,0,0,1,0,0
0.42748587926378784,1,4,-0.1694212680617329,-0.5772857765238232,0,0,-0.9220734824237352,1,2,3,1,0,0,0,1
-0.3630829847895484,1,3,-0.3416899523934115,-0.6350143541762054,0,0,-1.1977840871352803,1,1,1,0,1,0,1,0
-2.1700975311971744,1,4,-0.6288044262795424,-0.923657242438117,0,1,-0.9680252498756593,1,2,0,1,0,0,0,1
-0.9277750305419316,1,4,-0.6288044262795424,0.05772857765238231,0,0,-0.32470050554872093,0,1,0,0,1,0,0,1
-1.1536518488428846,1,1,-0.6288044262795424,-0.5003143396539801,0,1,0.8700454482013075,0,0,0,0,1,0,1,0
-0.3630829847895484,1,4,0.5196534692649812,0.2886428882619116,0,0,1.6052737274320943,1,0,0,0,1,0,1,0
-0.02426775733811861,1,4,0.5196534692649812,-0.1347000145222254,0,1,0.4105277736820658,0,1,0,0,1,0,1,0
-1.8312823037457444,1,2,0.4048076797105289,-1.3662430044397147,0,1,1.00790075055708,0,0,0,0,1,0,1,0
-1.040713439692408,1,3,-1.2030333740518042,0.34637146591429385,0,1,-0.876121714971811,0,1,0,1,0,0,0,1
1.3309931524676006,1,1,1.668111364809505,0.0,0,1,-1.4275429243949012,1,0,3,1,0,1,0,0
-0.25014457563907183,1,4,-0.3416899523934115,-0.6542572133936662,0,1,0.7781419132974592,0,1,2,0,1,0,0,1
0.7663011067152177,0,4,0.8067679431511122,1.173814412265107,0,0,-0.2327969706448726,1,1,0,1,0,0,0,1
-0.7018982122409783,1,1,-0.054575478507280555,-0.019242859217460773,0,0,1.3295631227205493,0,0,0,1,0,0,1,0
1.1051163341666475,1,3,2.2423403125817667,-0.3656143251317546,0,0,0.18076893642244493,0,1,0,1,0,0,0,1
-0.25014457563907183,1,2,0.4048076797105289,-0.4425857620015977,0,1,0.8240936807493834,0,0,0,0,1,0,1,0
0.6533626975647411,1,4,-0.054575478507280555,-0.7697143686984308,0,0,-0.876121714971811,1,2,2,1,0,0,0,1
1.218054743317124,0,2,1.380996890923374,0.4425857620015977,0,1,-0.14089343574102425,0,1,0,0,1,0,1,0
-1.040713439692408,0,1,-1.0881875844973519,-1.6548858927016263,0,1,-0.600411110260266,0,0,0,1,0,0,1,0
0.20160906096283462,1,1,-0.6288044262795424,-0.1924285921746077,0,1,1.237659587816701,0,1,0,0,1,0,1,0
-1.7183438945952678,0,2,-2.121799690487423,-0.9044143832206563,0,1,1.283611355268625,0,0,0,0,1,0,1,0
-0.7018982122409783,1,4,-0.39911284717063766,0.5388000580889016,0,0,0.6862383783936108,0,0,0,1,0,0,0,1
-0.1372061664885952,1,2,-0.054575478507280555,-0.9429001016555778,1,0,0.042913634066672424,0,1,0,0,0,0,1,0
-1.2665902579933614,0,4,0.06027031104717181,1.8280716256587732,1,0,-0.6923146451641143,1,3,0,1,0,0,0,1
-2.283035940347651,0,1,-0.7436502158339947,-0.6927429318285877,0,1,1.8809843321436392,0,1,0,0,1,0,1,0
-1.8312823037457444,1,2,0.4048076797105289,-1.3662430044397147,0,1,1.00790075055708,0,0,0,0,1,0,1,0
0.42748587926378784,1,2,-1.0881875844973519,-0.30788574747937236,0,0,0.6402866109416867,0,2,1,1,0,0,0,1
-0.25014457563907183,1,4,-0.1694212680617329,0.17318573295714693,0,1,0.45647954113399,1,0,1,0,1,0,0,1
0.7663011067152177,1,4,-0.6288044262795424,0.2694000290444508,0,1,-0.5085075753564177,1,4,1,1,0,0,0,1
-0.7018982122409783,0,2,-0.054575478507280555,0.5580429173063624,0,1,-0.5544593428083419,0,0,0,0,1,0,1,0
0.5404242884142645,1,3,1.668111364809505,0.5195571988714408,0,0,-1.1977840871352803,0,0,0,0,1,0,1,0
-0.1372061664885952,0,4,0.4048076797105289,-0.23091431060952924,0,0,0.4105277736820658,0,0,0,0,1,0,1,0
1.6698083799190306,1,2,0.5196534692649812,0.15394287373968618,0,0,-0.2327969706448726,0,2,3,1,0,0,0,1
0.8792395158656943,0,4,1.0938824170372432,-0.038485718434921545,0,1,0.13481716897052076,1,1,0,1,0,0,1,0
-2.1700975311971744,0,4,0.4048076797105289,-1.2123001307000285,0,1,1.4214666576243975,0,1,0,0,1,0,1,0
-0.02426775733811861,1,4,-1.2030333740518042,-0.1347000145222254,0,1,-1.151832319683356,1,3,1,1,0,0,0,1
-1.040713439692408,0,1,-0.054575478507280555,-0.23091431060952924,0,0,1.0998042854609285,0,1,0,1,0,0,1,0
-1.040713439692408,1,1,-0.1694212680617329,1.1930572714825678,0,0,0.8700454482013075,0,0,0,0,1,0,1,0
0.42748587926378784,0,4,-1.777262321824066,0.038485718434921545,0,0,-1.3356393894910528,0,1,0,1,0,0,1,0
-1.2665902579933614,0,2,-0.51395863672509,-0.6350143541762054,0,1,0.6402866109416867,0,0,0,1,0,0,1,0
1.556869970768554,1,2,-0.7436502158339947,0.5965286357412839,0,1,-0.003038133385251746,0,1,1,0,1,0,0,1
0.6533626975647411,1,2,0.5196534692649812,-1.173814412265107,0,0,0.18076893642244493,0,3,0,1,0,0,1,0
1.218054743317124,1,4,-0.6288044262795424,-1.3277572860047933,0,1,-0.5085075753564177,0,0,0,0,1,0,0,1
-1.1536518488428846,1,1,-0.054575478507280555,-0.5195571988714408,0,0,1.6971772623359427,0,0,0,0,1,0,1,0
0.088670651812358,0,1,0.06027031104717181,1.847314484876234,0,1,0.6862383783936108,0,1,0,0,1,0,1,0
-0.3630829847895484,1,2,-1.2030333740518042,-1.3662430044397147,0,1,-1.2896876220391285,0,1,0,0,1,0,1,0
0.8792395158656943,1,1,-0.6288044262795424,0.673500072611127,0,0,-2.208722971077612,0,1,1,1,0,0,0,1
1.3309931524676006,1,4,-0.6288044262795424,1.0776001161778033,0,0,-0.003038133385251746,0,0,0,1,0,0,1,0
-1.944220712896221,1,2,-0.054575478507280555,0.07697143686984309,0,1,1.6512254948840184,0,3,0,0,0,0,1,0
2.460377243972367,0,2,0.5196534692649812,-0.9429001016555778,0,0,-1.6113499942025977,0,1,0,1,0,0,1,0
-1.2665902579933614,1,4,-1.2030333740518042,-0.673500072611127,0,1,0.45647954113399,0,0,0,0,1,0,0,1
-1.040713439692408,1,4,-0.9159189001656733,0.2694000290444508,0,0,1.5593219599801702,0,0,0,0,1,0,1,0
1.7827467890695072,1,4,-0.054575478507280555,1.4624573005270185,0,0,-1.933012366366067,0,2,3,1,0,0,1,0
0.7663011067152177,1,4,0.4048076797105289,-1.5394287373968616,0,0,-1.1977840871352803,1,4,1,1,0,0,1,0
-1.4924670762943146,1,1,-0.6288044262795424,-1.7126144703540087,0,1,1.4214666576243975,0,0,0,0,1,0,1,0
-1.379528667143838,1,1,-0.6288044262795424,0.9429001016555778,0,1,0.5024313085859141,0,0,0,0,1,0,1,0
0.8792395158656943,0,4,0.5196534692649812,2.847943164184194,0,0,0.2726724713262933,0,1,0,1,0,0,1,0
1.218054743317124,0,2,1.668111364809505,2.193685950790528,0,0,-0.003038133385251746,0,1,0,0,1,0,1,0
-1.2665902579933614,1,4,1.0938824170372432,0.019242859217460773,0,1,0.9159972156532317,0,1,0,0,1,0,1,0
-0.7018982122409783,1,1,-1.2030333740518042,-0.3271286066968331,0,1,0.7781419132974592,0,1,0,0,0,0,0,1
0.31454747011331124,1,4,0.5196534692649812,-1.0391143977428816,0,1,-0.14089343574102425,0,0,0,1,0,1,0,0
0.8792395158656943,0,4,0.5196534692649812,0.42334290278413694,0,0,0.4105277736820658,0,4,2,0,0,0,1,0
-0.8148366213914549,1,2,0.4048076797105289,0.21167145139206847,0,0,0.2267207038743691,0,0,0,0,1,0,1,0
0.5404242884142645,1,4,-1.2030333740518042,-0.1347000145222254,0,0,-0.41660404045256927,1,1,1,1,0,0,0,1
0.9921779250161709,0,4,1.0938824170372432,3.098100334011184,0,0,0.13481716897052076,0,4,3,1,0,0,0,1
1.3309931524676006,0,2,0.8641908379283384,0.6157714949587447,0,0,0.042913634066672424,0,0,1,1,0,0,1,0
0.42748587926378784,1,2,0.5196534692649812,-0.673500072611127,1,0,0.6402866109416867,0,0,0,0,1,0,1,0
-1.040713439692408,0,4,0.4048076797105289,-0.1924285921746077,0,0,0.042913634066672424,1,0,0,1,0,0,1,0
-0.8148366213914549,1,4,-1.0881875844973519,-0.8082000871333523,0,1,-0.3706522730006451,0,0,0,0,1,0,1,0
1.8956851982199838,0,1,1.668111364809505,1.0776001161778033,0,1,0.5024313085859141,0,0,2,0,1,0,1,0
-1.6054054854447912,1,3,0.5196534692649812,-0.9044143832206563,0,1,1.237659587816701,1,1,0,0,1,0,0,1
1.218054743317124,1,3,0.4048076797105289,0.6927429318285877,1,0,1.0538525180090041,0,1,1,1,0,0,1,0
-1.379528667143838,1,2,-0.6288044262795424,-0.11545715530476462,1,1,1.9728878670474876,0,1,0,0,0,0,0,1
-1.2665902579933614,1,4,-0.6288044262795424,-1.3277572860047933,0,0,-1.4275429243949012,1,2,0,1,0,0,0,1
-2.283035940347651,1,3,-0.7436502158339947,-1.2315429899174895,0,0,1.0538525180090041,0,0,0,0,1,0,1,0
-0.25014457563907183,1,2,2.357186102136219,-0.9044143832206563,1,1,0.5024313085859141,0,0,0,0,1,0,0,1
-0.02426775733811861,1,2,-0.3416899523934115,0.5195571988714408,0,0,0.042913634066672424,0,0,1,0,0,0,1,0
-0.3630829847895484,1,2,-2.121799690487423,-0.3656143251317546,0,1,0.13481716897052076,1,0,1,0,1,0,0,1
0.5404242884142645,1,4,0.4048076797105289,0.48107148043651926,0,0,1.4214666576243975,0,0,0,0,1,0,1,0
1.218054743317124,0,4,1.0938824170372432,-0.40410004356667617,0,0,-1.7032535291064461,0,1,3,1,0,0,0,1
0.31454747011331124,0,1,-0.054575478507280555,-0.1924285921746077,0,0,1.0538525180090041,0,0,1,1,0,0,1,0
-1.4924670762943146,1,1,0.23253899537885037,-0.8274429463508132,0,1,-0.876121714971811,0,0,0,1,0,1,0,0
1.1051163341666475,0,2,0.5196534692649812,1.2892715675698716,0,1,-0.8301699475198868,0,0,0,0,1,0,0,1
0.20160906096283462,1,1,-0.6288044262795424,-0.11545715530476462,0,1,0.8240936807493834,0,0,0,0,0,0,1,0
0.088670651812358,0,4,-0.1694212680617329,-0.7889572279158916,0,0,-0.9680252498756593,1,2,1,1,0,0,0,1
1.218054743317124,1,4,0.23253899537885037,0.15394287373968618,0,0,-1.105880552231432,0,3,1,1,0,0,0,1
-0.3630829847895484,1,4,0.5196534692649812,1.0006286793079602,0,1,-1.3356393894910528,1,4,3,1,0,0,0,1
-0.8148366213914549,1,2,-1.3178791636062566,-0.05772857765238231,0,1,0.042913634066672424,0,0,0,0,1,0,1,0
-0.9277750305419316,0,1,-1.490147847937935,-0.8082000871333523,0,1,0.9619489831051559,0,0,0,0,1,0,1,0
-0.3630829847895484,1,4,0.5196534692649812,1.019871538525421,0,1,1.00790075055708,1,2,0,0,1,0,0,1
0.5404242884142645,1,2,-0.2842670576161853,-0.5388000580889016,1,1,-0.7842181800679626,0,2,1,1,0,1,0,0
0.8792395158656943,1,1,-0.1694212680617329,-0.7312286502635092,1,0,-0.5085075753564177,0,0,0,0,1,0,1,0
1.218054743317124,0,2,0.5196534692649812,3.2905289261857917,1,0,0.2726724713262933,0,1,1,0,1,0,1,0
0.7663011067152177,1,3,0.17511610060162416,-0.23091431060952924,0,1,-0.2787487380967968,0,3,2,1,0,0,1,0
1.7827467890695072,1,2,1.668111364809505,0.4425857620015977,0,1,-1.7951570640102945,1,3,1,1,0,0,0,1
-0.02426775733811861,1,4,-0.51395863672509,0.7697143686984308,0,0,-1.6113499942025977,1,3,2,1,0,0,1,0
-0.02426775733811861,1,1,3.505643997680743,0.7119857910460485,0,0,2.018839634499412,0,0,1,0,1,0,0,1
-1.4924670762943146,1,2,-1.0881875844973519,0.07697143686984309,0,1,1.283611355268625,0,0,0,0,1,0,1,0
-0.25014457563907183,1,4,-1.0881875844973519,-0.30788574747937236,0,1,0.4105277736820658,0,0,1,0,1,0,1,0
1.556869970768554,1,4,0.749345048373886,-1.019871538525421,1,1,-0.46255580790449347,0,3,2,1,0,0,0,1
0.42748587926378784,1,4,-0.3416899523934115,1.0391143977428816,0,0,0.9159972156532317,0,0,2,0,1,0,0,1
-0.3630829847895484,0,2,-0.054575478507280555,0.1924285921746077,0,0,-0.09494166828910008,0,0,0,0,1,0,1,0
-0.8148366213914549,1,4,-1.2030333740518042,0.5580429173063624,0,0,-1.5194464592987493,1,1,1,1,0,0,1,0
1.1051163341666475,1,2,-0.3416899523934115,1.2123001307000285,0,1,-0.9220734824237352,1,2,0,1,0,0,0,1
-1.4924670762943146,1,1,-1.2030333740518042,-0.21167145139206847,0,1,0.08886540151859659,0,0,0,0,1,0,1,0
-0.1372061664885952,1,4,0.5196534692649812,-0.8274429463508132,1,0,0.18076893642244493,1,3,0,0,0,0,0,1
-0.4760213939400251,1,4,1.0938824170372432,-0.05772857765238231,0,0,-1.0599287847795078,0,3,0,1,0,0,0,1
0.8792395158656943,0,4,1.668111364809505,-1.5779144558317832,0,0,-0.2787487380967968,0,5,3,0,0,0,0,1
-1.1536518488428846,1,2,-0.6288044262795424,-0.3848571843492154,0,1,0.8240936807493834,0,0,0,0,1,0,1,0
-1.379528667143838,0,4,-1.6624165322696136,0.3656143251317546,0,0,-1.3356393894910528,0,1,0,1,0,0,1,0
2.5733156531228434,1,4,-0.3416899523934115,1.1160858346127247,0,0,0.5024313085859141,1,0,3,0,1,0,1,0
-1.4924670762943146,0,2,-1.0881875844973519,0.42334290278413694,0,0,0.9619489831051559,1,0,0,0,1,0,1,0
0.20160906096283462,0,4,0.17511610060162416,3.1365860524461056,0,0,-0.048989900837175915,1,2,2,1,0,0,0,1
1.4439315616180772,1,2,1.2087282065916956,-0.6542572133936662,0,0,-0.048989900837175915,0,1,0,1,0,0,0,1
1.1051163341666475,1,4,-0.6288044262795424,0.0,0,0,-2.530385343241081,1,2,1,0,0,0,1,0
1.4439315616180772,1,4,-1.777262321824066,1.019871538525421,0,0,-1.1977840871352803,1,1,2,1,0,0,1,0
1.1051163341666475,0,4,2.8165692603540284,1.5201858781794009,0,1,0.13481716897052076,1,0,0,0,1,0,1,0
0.42748587926378784,1,4,1.0938824170372432,0.4618286212190585,0,0,-1.8411088314622186,1,1,0,0,1,0,0,1
0.5404242884142645,0,4,2.4720318916906714,0.05772857765238231,0,1,-0.3706522730006451,1,0,0,1,0,0,1,0
-1.2665902579933614,1,2,-0.054575478507280555,1.3277572860047933,0,1,0.5024313085859141,0,2,1,0,1,0,1,0
-0.4760213939400251,1,2,0.5196534692649812,-0.25015716982699004,0,1,0.5483830760378383,0,1,1,1,0,0,0,1
1.1051163341666475,0,4,-0.054575478507280555,1.096842975395264,0,1,-1.3356393894910528,0,2,2,1,0,0,1,0
-0.1372061664885952,0,2,-0.1694212680617329,-0.5772857765238232,0,0,-1.657301761654522,0,0,0,0,1,0,0,0
1.3309931524676006,0,4,2.701723470799576,-0.34637146591429385,1,1,0.6402866109416867,1,1,2,1,0,0,0,1
0.6533626975647411,0,4,1.0938824170372432,0.23091431060952924,0,0,0.2726724713262933,0,3,2,1,0,0,0,1
